{
  "epoch": 9,
  "train_loss": 1.9133409197266038,
  "validation_loss": 2.0183915266623864,
  "train_exact_match": null,
  "validation_exact_match": null
}
